-71.403247,41.826163,Brown University,,,,,"{name:""",Brown University,""",lat:",41.826163,",",lon:,-71.403247,"},","{name:""Brown University"",lat:41.826163, lon:-71.403247},"
-73.961889,40.808224,Columbia University,,,,,"{name:""",Columbia University,""",lat:",40.808224,",",lon:,-73.961889,"},","{name:""Columbia University"",lat:40.808224, lon:-73.961889},"
-76.482954,42.447353,Cornell University,,,,,"{name:""",Cornell University,""",lat:",42.447353,",",lon:,-76.482954,"},","{name:""Cornell University"",lat:42.447353, lon:-76.482954},"
-72.288603,43.705091,Dartmouth College,,,,,"{name:""",Dartmouth College,""",lat:",43.705091,",",lon:,-72.288603,"},","{name:""Dartmouth College"",lat:43.705091, lon:-72.288603},"
-71.125541,42.367363,Harvard University,,,,,"{name:""",Harvard University,""",lat:",42.367363,",",lon:,-71.125541,"},","{name:""Harvard University"",lat:42.367363, lon:-71.125541},"
-74.656913,40.348637,Princeton University,,,,,"{name:""",Princeton University,""",lat:",40.348637,",",lon:,-74.656913,"},","{name:""Princeton University"",lat:40.348637, lon:-74.656913},"
-75.189687,39.948896,University of Pennsylvania,,,,,"{name:""",University of Pennsylvania,""",lat:",39.948896,",",lon:,-75.189687,"},","{name:""University of Pennsylvania"",lat:39.948896, lon:-75.189687},"
-72.929452,41.309375,Yale University,,,,,"{name:""",Yale University,""",lat:",41.309375,",",lon:,-72.929452,"},","{name:""Yale University"",lat:41.309375, lon:-72.929452},"
-71.170369,42.335081,Boston College,,,,,"{name:""",Boston College,""",lat:",42.335081,",",lon:,-71.170369,"},","{name:""Boston College"",lat:42.335081, lon:-71.170369},"
-82.840954,34.678352,Clemson University,,,,,"{name:""",Clemson University,""",lat:",34.678352,",",lon:,-82.840954,"},","{name:""Clemson University"",lat:34.678352, lon:-82.840954},"
-78.938862,36.000519,Duke University,,,,,"{name:""",Duke University,""",lat:",36.000519,",",lon:,-78.938862,"},","{name:""Duke University"",lat:36.000519, lon:-78.938862},"
-84.291399,30.440725,Florida State University,,,,,"{name:""",Florida State University,""",lat:",30.440725,",",lon:,-84.291399,"},","{name:""Florida State University"",lat:30.440725, lon:-84.291399},"
-84.394172,33.772696,Georgia Institute of Technology,,,,,"{name:""",Georgia Institute of Technology,""",lat:",33.772696,",",lon:,-84.394172,"},","{name:""Georgia Institute of Technology"",lat:33.772696, lon:-84.394172},"
-78.7121905,35.807696,North Carolina State University,,,,,"{name:""",North Carolina State University,""",lat:",35.807696,",",lon:,-78.7121905,"},","{name:""North Carolina State University"",lat:35.807696, lon:-78.7121905},"
-76.944141,38.9908487,University of Maryland,,,,,"{name:""",University of Maryland,""",lat:",38.9908487,",",lon:,-76.944141,"},","{name:""University of Maryland"",lat:38.9908487, lon:-76.944141},"
-80.27478,25.718572,University of Miami,,,,,"{name:""",University of Miami,""",lat:",25.718572,",",lon:,-80.27478,"},","{name:""University of Miami"",lat:25.718572, lon:-80.27478},"
-79.050601,35.913843,University of North Carolina,,,,,"{name:""",University of North Carolina,""",lat:",35.913843,",",lon:,-79.050601,"},","{name:""University of North Carolina"",lat:35.913843, lon:-79.050601},"
-78.506026,38.035605,University of Virginia,,,,,"{name:""",University of Virginia,""",lat:",38.035605,",",lon:,-78.506026,"},","{name:""University of Virginia"",lat:38.035605, lon:-78.506026},"
-80.419798,37.216337,Virginia Polytechnic Institute and State University,,,,,"{name:""",Virginia Polytechnic Institute and State University,""",lat:",37.216337,",",lon:,-80.419798,"},","{name:""Virginia Polytechnic Institute and State University"",lat:37.216337, lon:-80.419798},"
-80.277374,36.133467,Wake Forest University,,,,,"{name:""",Wake Forest University,""",lat:",36.133467,",",lon:,-80.277374,"},","{name:""Wake Forest University"",lat:36.133467, lon:-80.277374},"
-87.653896,41.922844,DePaul University,,,,,"{name:""",DePaul University,""",lat:",41.922844,",",lon:,-87.653896,"},","{name:""DePaul University"",lat:41.922844, lon:-87.653896},"
-77.073384,38.907287,Georgetown University,,,,,"{name:""",Georgetown University,""",lat:",38.907287,",",lon:,-77.073384,"},","{name:""Georgetown University"",lat:38.907287, lon:-77.073384},"
-87.927533,43.038352,Marquette University,,,,,"{name:""",Marquette University,""",lat:",43.038352,",",lon:,-87.927533,"},","{name:""Marquette University"",lat:43.038352, lon:-87.927533},"
-71.435187,41.842867,Providence College,,,,,"{name:""",Providence College,""",lat:",41.842867,",",lon:,-71.435187,"},","{name:""Providence College"",lat:41.842867, lon:-71.435187},"
-74.449579,40.503209,Rutgers University,,,,,"{name:""",Rutgers University,""",lat:",40.503209,",",lon:,-74.449579,"},","{name:""Rutgers University"",lat:40.503209, lon:-74.449579},"
-74.2464,40.74377,Seton Hall University,,,,,"{name:""",Seton Hall University,""",lat:",40.74377,",",lon:,-74.2464,"},","{name:""Seton Hall University"",lat:40.74377, lon:-74.2464},"
-73.792725,40.723174,St. John's University,,,,,"{name:""",St. John's University,""",lat:",40.723174,",",lon:,-73.792725,"},","{name:""St. John's University"",lat:40.723174, lon:-73.792725},"
-76.134505,43.039402,Syracuse University,,,,,"{name:""",Syracuse University,""",lat:",43.039402,",",lon:,-76.134505,"},","{name:""Syracuse University"",lat:43.039402, lon:-76.134505},"
-84.515266,39.129979,University of Cincinnati,,,,,"{name:""",University of Cincinnati,""",lat:",39.129979,",",lon:,-84.515266,"},","{name:""University of Cincinnati"",lat:39.129979, lon:-84.515266},"
-72.256739,41.807955,University of Connecticut,,,,,"{name:""",University of Connecticut,""",lat:",41.807955,",",lon:,-72.256739,"},","{name:""University of Connecticut"",lat:41.807955, lon:-72.256739},"
-85.761151,38.21751,University of Louisville,,,,,"{name:""",University of Louisville,""",lat:",38.21751,",",lon:,-85.761151,"},","{name:""University of Louisville"",lat:38.21751, lon:-85.761151},"
-86.237512,41.696837,University of Notre Dame,,,,,"{name:""",University of Notre Dame,""",lat:",41.696837,",",lon:,-86.237512,"},","{name:""University of Notre Dame"",lat:41.696837, lon:-86.237512},"
-79.953205,40.444349,University of Pittsburgh,,,,,"{name:""",University of Pittsburgh,""",lat:",40.444349,",",lon:,-79.953205,"},","{name:""University of Pittsburgh"",lat:40.444349, lon:-79.953205},"
-82.413855,28.06181,University of South Florida,,,,,"{name:""",University of South Florida,""",lat:",28.06181,",",lon:,-82.413855,"},","{name:""University of South Florida"",lat:28.06181, lon:-82.413855},"
-75.341641,40.036228,Villanova University,,,,,"{name:""",Villanova University,""",lat:",40.036228,",",lon:,-75.341641,"},","{name:""Villanova University"",lat:40.036228, lon:-75.341641},"
-79.954113,39.634682,West Virginia University,,,,,"{name:""",West Virginia University,""",lat:",39.634682,",",lon:,-79.954113,"},","{name:""West Virginia University"",lat:39.634682, lon:-79.954113},"
-71.099688,42.349634,Boston University,,,,,"{name:""",Boston University,""",lat:",42.349634,",",lon:,-71.099688,"},","{name:""Boston University"",lat:42.349634, lon:-71.099688},"
-73.823013,42.686581,SUNY Albany,,,,,"{name:""",SUNY Albany,""",lat:",42.686581,",",lon:,-73.823013,"},","{name:""SUNY Albany"",lat:42.686581, lon:-73.823013},"
-75.97006,42.08755,SUNY Binghamton,,,,,"{name:""",SUNY Binghamton,""",lat:",42.08755,",",lon:,-75.97006,"},","{name:""SUNY Binghamton"",lat:42.08755, lon:-75.97006},"
-73.116417,40.914268,SUNY Stony Brook,,,,,"{name:""",SUNY Stony Brook,""",lat:",40.914268,",",lon:,-73.116417,"},","{name:""SUNY Stony Brook"",lat:40.914268, lon:-73.116417},"
-72.713725,41.794268,University of Hartford,,,,,"{name:""",University of Hartford,""",lat:",41.794268,",",lon:,-72.713725,"},","{name:""University of Hartford"",lat:41.794268, lon:-72.713725},"
-68.666023,44.89753,University of Maine,,,,,"{name:""",University of Maine,""",lat:",44.89753,",",lon:,-68.666023,"},","{name:""University of Maine"",lat:44.89753, lon:-68.666023},"
-76.7076768,39.2553811,University of Maryland - Baltimore County,,,,,"{name:""",University of Maryland - Baltimore County,""",lat:",39.2553811,",",lon:,-76.7076768,"},","{name:""University of Maryland - Baltimore County"",lat:39.2553811, lon:-76.7076768},"
-70.929622,43.136241,University of New Hampshire,,,,,"{name:""",University of New Hampshire,""",lat:",43.136241,",",lon:,-70.929622,"},","{name:""University of New Hampshire"",lat:43.136241, lon:-70.929622},"
-73.197685,44.477733,University of Vermont,,,,,"{name:""",University of Vermont,""",lat:",44.477733,",",lon:,-73.197685,"},","{name:""University of Vermont"",lat:44.477733, lon:-73.197685},"
-85.408989,40.198266,Ball State University,,,,,"{name:""",Ball State University,""",lat:",40.198266,",",lon:,-85.408989,"},","{name:""Ball State University"",lat:40.198266, lon:-85.408989},"
-83.63002,41.374827,Bowling Green State University,,,,,"{name:""",Bowling Green State University,""",lat:",41.374827,",",lon:,-83.63002,"},","{name:""Bowling Green State University"",lat:41.374827, lon:-83.63002},"
-84.779526,43.570939,Central Michigan University,,,,,"{name:""",Central Michigan University,""",lat:",43.570939,",",lon:,-84.779526,"},","{name:""Central Michigan University"",lat:43.570939, lon:-84.779526},"
-83.622477,42.248441,Eastern Michigan University,,,,,"{name:""",Eastern Michigan University,""",lat:",42.248441,",",lon:,-83.622477,"},","{name:""Eastern Michigan University"",lat:42.248441, lon:-83.622477},"
-81.3426916,41.1482155,Kent State University,,,,,"{name:""",Kent State University,""",lat:",41.1482155,",",lon:,-81.3426916,"},","{name:""Kent State University"",lat:41.1482155, lon:-81.3426916},"
-84.734674,39.511905,Miami of Ohio University,,,,,"{name:""",Miami of Ohio University,""",lat:",39.511905,",",lon:,-84.734674,"},","{name:""Miami of Ohio University"",lat:39.511905, lon:-84.734674},"
-88.765279,41.933279,Northern Illinois University,,,,,"{name:""",Northern Illinois University,""",lat:",41.933279,",",lon:,-88.765279,"},","{name:""Northern Illinois University"",lat:41.933279, lon:-88.765279},"
-82.1047074,39.3259589,Ohio University,,,,,"{name:""",Ohio University,""",lat:",39.3259589,",",lon:,-82.1047074,"},","{name:""Ohio University"",lat:39.3259589, lon:-82.1047074},"
-78.787583,43.002034,SUNY Buffalo,,,,,"{name:""",SUNY Buffalo,""",lat:",43.002034,",",lon:,-78.787583,"},","{name:""SUNY Buffalo"",lat:43.002034, lon:-78.787583},"
-81.513794,41.077671,University of Akron,,,,,"{name:""",University of Akron,""",lat:",41.077671,",",lon:,-81.513794,"},","{name:""University of Akron"",lat:41.077671, lon:-81.513794},"
-83.614327,41.658589,University of Toledo,,,,,"{name:""",University of Toledo,""",lat:",41.658589,",",lon:,-83.614327,"},","{name:""University of Toledo"",lat:41.658589, lon:-83.614327},"
-85.6152186,42.2831778,Western Michigan University,,,,,"{name:""",Western Michigan University,""",lat:",42.2831778,",",lon:,-85.6152186,"},","{name:""Western Michigan University"",lat:42.2831778, lon:-85.6152186},"
-79.991398,40.437049,Duquesne University,,,,,"{name:""",Duquesne University,""",lat:",40.437049,",",lon:,-79.991398,"},","{name:""Duquesne University"",lat:40.437049, lon:-79.991398},"
-73.886392,40.862243,Fordham University,,,,,"{name:""",Fordham University,""",lat:",40.862243,",",lon:,-73.886392,"},","{name:""Fordham University"",lat:40.862243, lon:-73.886392},"
-77.047578,38.900846,George Washington University,,,,,"{name:""",George Washington University,""",lat:",38.900846,",",lon:,-77.047578,"},","{name:""George Washington University"",lat:38.900846, lon:-77.047578},"
-75.153787,40.038617,La Salle University,,,,,"{name:""",La Salle University,""",lat:",40.038617,",",lon:,-75.153787,"},","{name:""La Salle University"",lat:40.038617, lon:-75.153787},"
-75.236162,39.995283,Saint Joseph's University,,,,,"{name:""",Saint Joseph's University,""",lat:",39.995283,",",lon:,-75.236162,"},","{name:""Saint Joseph's University"",lat:39.995283, lon:-75.236162},"
-90.233211,38.637036,Saint Louis University,,,,,"{name:""",Saint Louis University,""",lat:",38.637036,",",lon:,-90.233211,"},","{name:""Saint Louis University"",lat:38.637036, lon:-90.233211},"
-78.483697,42.080093,St. Bonaventure University,,,,,"{name:""",St. Bonaventure University,""",lat:",42.080093,",",lon:,-78.483697,"},","{name:""St. Bonaventure University"",lat:42.080093, lon:-78.483697},"
-75.155726,39.980707,Temple University,,,,,"{name:""",Temple University,""",lat:",39.980707,",",lon:,-75.155726,"},","{name:""Temple University"",lat:39.980707, lon:-75.155726},"
-84.176166,39.738612,University of Dayton,,,,,"{name:""",University of Dayton,""",lat:",39.738612,",",lon:,-84.176166,"},","{name:""University of Dayton"",lat:39.738612, lon:-84.176166},"
-72.525112,42.38564,University of Massachusetts,,,,,"{name:""",University of Massachusetts,""",lat:",42.38564,",",lon:,-72.525112,"},","{name:""University of Massachusetts"",lat:42.38564, lon:-72.525112},"
-80.738115,35.300833,University of North Carolina - Charlotte,,,,,"{name:""",University of North Carolina - Charlotte,""",lat:",35.300833,",",lon:,-80.738115,"},","{name:""University of North Carolina - Charlotte"",lat:35.300833, lon:-80.738115},"
-71.525495,41.484645,University of Rhode Island,,,,,"{name:""",University of Rhode Island,""",lat:",41.484645,",",lon:,-71.525495,"},","{name:""University of Rhode Island"",lat:41.484645, lon:-71.525495},"
-77.537943,37.57317,University of Richmond,,,,,"{name:""",University of Richmond,""",lat:",37.57317,",",lon:,-77.537943,"},","{name:""University of Richmond"",lat:37.57317, lon:-77.537943},"
-84.476559,39.146071,Xavier University,,,,,"{name:""",Xavier University,""",lat:",39.146071,",",lon:,-84.476559,"},","{name:""Xavier University"",lat:39.146071, lon:-84.476559},"
-81.031338,29.210526,Bethune-Cookman College,,,,,"{name:""",Bethune-Cookman College,""",lat:",29.210526,",",lon:,-81.031338,"},","{name:""Bethune-Cookman College"",lat:29.210526, lon:-81.031338},"
-76.658153,39.310153,Coppin State University,,,,,"{name:""",Coppin State University,""",lat:",39.310153,",",lon:,-76.658153,"},","{name:""Coppin State University"",lat:39.310153, lon:-76.658153},"
-75.542021,39.186463,Delaware State University,,,,,"{name:""",Delaware State University,""",lat:",39.186463,",",lon:,-75.542021,"},","{name:""Delaware State University"",lat:39.186463, lon:-75.542021},"
-84.288321,30.423698,Florida A&M University,,,,,"{name:""",Florida A&M University,""",lat:",30.423698,",",lon:,-84.288321,"},","{name:""Florida A&M University"",lat:30.423698, lon:-84.288321},"
-76.337649,37.018846,Hampton University,,,,,"{name:""",Hampton University,""",lat:",37.018846,",",lon:,-76.337649,"},","{name:""Hampton University"",lat:37.018846, lon:-76.337649},"
-77.0204624,38.9212171,Howard University,,,,,"{name:""",Howard University,""",lat:",38.9212171,",",lon:,-77.0204624,"},","{name:""Howard University"",lat:38.9212171, lon:-77.0204624},"
-76.5827767,39.3460266,Morgan State University,,,,,"{name:""",Morgan State University,""",lat:",39.3460266,",",lon:,-76.5827767,"},","{name:""Morgan State University"",lat:39.3460266, lon:-76.5827767},"
-76.263989,36.848085,Norfolk State University,,,,,"{name:""",Norfolk State University,""",lat:",36.848085,",",lon:,-76.263989,"},","{name:""Norfolk State University"",lat:36.848085, lon:-76.263989},"
-79.770878,36.077887,North Carolina A&T University,,,,,"{name:""",North Carolina A&T University,""",lat:",36.077887,",",lon:,-79.770878,"},","{name:""North Carolina A&T University"",lat:36.077887, lon:-79.770878},"
-80.855483,33.49527,South Carolina State University,,,,,"{name:""",South Carolina State University,""",lat:",33.49527,",",lon:,-80.855483,"},","{name:""South Carolina State University"",lat:33.49527, lon:-80.855483},"
-75.688925,38.207709,University of Maryland - Eastern Shore,,,,,"{name:""",University of Maryland - Eastern Shore,""",lat:",38.207709,",",lon:,-75.688925,"},","{name:""University of Maryland - Eastern Shore"",lat:38.207709, lon:-75.688925},"
-95.949236,41.265482,Creighton University,,,,,"{name:""",Creighton University,""",lat:",41.265482,",",lon:,-95.949236,"},","{name:""Creighton University"",lat:41.265482, lon:-95.949236},"
-92.459913,42.51444,University of Northern Iowa,,,,,"{name:""",University of Northern Iowa,""",lat:",42.51444,",",lon:,-92.459913,"},","{name:""University of Northern Iowa"",lat:42.51444, lon:-92.459913},"
-88.997547,40.511374,Illinois State University,,,,,"{name:""",Illinois State University,""",lat:",40.511374,",",lon:,-88.997547,"},","{name:""Illinois State University"",lat:40.511374, lon:-88.997547},"
-89.616029,40.698131,Bradley University,,,,,"{name:""",Bradley University,""",lat:",40.698131,",",lon:,-89.616029,"},","{name:""Bradley University"",lat:40.698131, lon:-89.616029},"
-87.531671,37.97159,University of Evansville,,,,,"{name:""",University of Evansville,""",lat:",37.97159,",",lon:,-87.531671,"},","{name:""University of Evansville"",lat:37.97159, lon:-87.531671},"
-97.293527,37.71871,Wichita State University,,,,,"{name:""",Wichita State University,""",lat:",37.71871,",",lon:,-97.293527,"},","{name:""Wichita State University"",lat:37.71871, lon:-97.293527},"
-89.225325,37.7079427,Southern Illinois University,,,,,"{name:""",Southern Illinois University,""",lat:",37.7079427,",",lon:,-89.225325,"},","{name:""Southern Illinois University"",lat:37.7079427, lon:-89.225325},"
-93.652157,41.604694,Drake University,,,,,"{name:""",Drake University,""",lat:",41.604694,",",lon:,-93.652157,"},","{name:""Drake University"",lat:41.604694, lon:-93.652157},"
-87.410864,39.470636,Indiana State University,,,,,"{name:""",Indiana State University,""",lat:",39.470636,",",lon:,-87.410864,"},","{name:""Indiana State University"",lat:39.470636, lon:-87.410864},"
-93.277562,37.198267,Missouri State University,,,,,"{name:""",Missouri State University,""",lat:",37.198267,",",lon:,-93.277562,"},","{name:""Missouri State University"",lat:37.198267, lon:-93.277562},"
-86.794659,36.133675,Belmont University,,,,,"{name:""",Belmont University,""",lat:",36.133675,",",lon:,-86.794659,"},","{name:""Belmont University"",lat:36.133675, lon:-86.794659},"
-78.739414,35.408392,Campbell University,,,,,"{name:""",Campbell University,""",lat:",35.408392,",",lon:,-78.739414,"},","{name:""Campbell University"",lat:35.408392, lon:-78.739414},"
-82.3632191,36.3046985,East Tennessee State University,,,,,"{name:""",East Tennessee State University,""",lat:",36.3046985,",",lon:,-82.3632191,"},","{name:""East Tennessee State University"",lat:36.3046985, lon:-82.3632191},"
-81.780979,26.463035,Florida Gulf Coast University,,,,,"{name:""",Florida Gulf Coast University,""",lat:",26.463035,",",lon:,-81.780979,"},","{name:""Florida Gulf Coast University"",lat:26.463035, lon:-81.780979},"
-81.603385,30.350794,Jacksonville University,,,,,"{name:""",Jacksonville University,""",lat:",30.350794,",",lon:,-81.603385,"},","{name:""Jacksonville University"",lat:30.350794, lon:-81.603385},"
-84.58485,34.038988,Kennesaw State University,,,,,"{name:""",Kennesaw State University,""",lat:",34.038988,",",lon:,-84.58485,"},","{name:""Kennesaw State University"",lat:34.038988, lon:-84.58485},"
-86.79721,36.10607,Lipscomb University,,,,,"{name:""",Lipscomb University,""",lat:",36.10607,",",lon:,-86.79721,"},","{name:""Lipscomb University"",lat:36.10607, lon:-86.79721},"
-83.648256,32.831389,Mercer University,,,,,"{name:""",Mercer University,""",lat:",32.831389,",",lon:,-83.648256,"},","{name:""Mercer University"",lat:32.831389, lon:-83.648256},"
-81.508053,30.2677,North Florida University,,,,,"{name:""",North Florida University,""",lat:",30.2677,",",lon:,-81.508053,"},","{name:""North Florida University"",lat:30.2677, lon:-81.508053},"
-81.302699,29.035089,Stetson University,,,,,"{name:""",Stetson University,""",lat:",29.035089,",",lon:,-81.302699,"},","{name:""Stetson University"",lat:29.035089, lon:-81.302699},"
-81.97052,34.996314,University of South Carolina - Upstate,,,,,"{name:""",University of South Carolina - Upstate,""",lat:",34.996314,",",lon:,-81.97052,"},","{name:""University of South Carolina - Upstate"",lat:34.996314, lon:-81.97052},"
-111.648749,40.248584,Brigham Young University,,,,,"{name:""",Brigham Young University,""",lat:",40.248584,",",lon:,-111.648749,"},","{name:""Brigham Young University"",lat:40.248584, lon:-111.648749},"
-105.080824,40.574695,Colorado State University,,,,,"{name:""",Colorado State University,""",lat:",40.574695,",",lon:,-105.080824,"},","{name:""Colorado State University"",lat:40.574695, lon:-105.080824},"
-117.071233,32.775219,San Diego State University,,,,,"{name:""",San Diego State University,""",lat:",32.775219,",",lon:,-117.071233,"},","{name:""San Diego State University"",lat:32.775219, lon:-117.071233},"
-97.362942,32.70955,Texas Christian University,,,,,"{name:""",Texas Christian University,""",lat:",32.70955,",",lon:,-97.362942,"},","{name:""Texas Christian University"",lat:32.70955, lon:-97.362942},"
-104.841659,39.003505,U.S. Air Force Academy,,,,,"{name:""",U.S. Air Force Academy,""",lat:",39.003505,",",lon:,-104.841659,"},","{name:""U.S. Air Force Academy"",lat:39.003505, lon:-104.841659},"
-115.13961,36.10823,University of Nevada - Las Vegas,,,,,"{name:""",University of Nevada - Las Vegas,""",lat:",36.10823,",",lon:,-115.13961,"},","{name:""University of Nevada - Las Vegas"",lat:36.10823, lon:-115.13961},"
-106.6202887,35.0859413,University of New Mexico,,,,,"{name:""",University of New Mexico,""",lat:",35.0859413,",",lon:,-106.6202887,"},","{name:""University of New Mexico"",lat:35.0859413, lon:-106.6202887},"
-111.844252,40.765222,University of Utah,,,,,"{name:""",University of Utah,""",lat:",40.765222,",",lon:,-111.844252,"},","{name:""University of Utah"",lat:40.765222, lon:-111.844252},"
-105.578995,41.312295,University of Wyoming,,,,,"{name:""",University of Wyoming,""",lat:",41.312295,",",lon:,-105.578995,"},","{name:""University of Wyoming"",lat:41.312295, lon:-105.578995},"
-97.117862,31.54873,Baylor University,,,,,"{name:""",Baylor University,""",lat:",31.54873,",",lon:,-97.117862,"},","{name:""Baylor University"",lat:31.54873, lon:-97.117862},"
-93.64643,42.023162,Iowa State University,,,,,"{name:""",Iowa State University,""",lat:",42.023162,",",lon:,-93.64643,"},","{name:""Iowa State University"",lat:42.023162, lon:-93.64643},"
-96.581042,39.188658,Kansas State University,,,,,"{name:""",Kansas State University,""",lat:",39.188658,",",lon:,-96.581042,"},","{name:""Kansas State University"",lat:39.188658, lon:-96.581042},"
-97.0730237,36.1246405,Oklahoma State University,,,,,"{name:""",Oklahoma State University,""",lat:",36.1246405,",",lon:,-97.0730237,"},","{name:""Oklahoma State University"",lat:36.1246405, lon:-97.0730237},"
-96.336051,30.618647,Texas A&M University,,,,,"{name:""",Texas A&M University,""",lat:",30.618647,",",lon:,-96.336051,"},","{name:""Texas A&M University"",lat:30.618647, lon:-96.336051},"
-101.874334,33.58335,Texas Tech University,,,,,"{name:""",Texas Tech University,""",lat:",33.58335,",",lon:,-101.874334,"},","{name:""Texas Tech University"",lat:33.58335, lon:-101.874334},"
-105.266394,40.005171,University of Colorado,,,,,"{name:""",University of Colorado,""",lat:",40.005171,",",lon:,-105.266394,"},","{name:""University of Colorado"",lat:40.005171, lon:-105.266394},"
-95.247626,38.958458,University of Kansas,,,,,"{name:""",University of Kansas,""",lat:",38.958458,",",lon:,-95.247626,"},","{name:""University of Kansas"",lat:38.958458, lon:-95.247626},"
-92.328755,38.947082,University of Missouri,,,,,"{name:""",University of Missouri,""",lat:",38.947082,",",lon:,-92.328755,"},","{name:""University of Missouri"",lat:38.947082, lon:-92.328755},"
-96.7011212,40.8169318,University of Nebraska,,,,,"{name:""",University of Nebraska,""",lat:",40.8169318,",",lon:,-96.7011212,"},","{name:""University of Nebraska"",lat:40.8169318, lon:-96.7011212},"
-97.445679,35.208518,University of Oklahoma,,,,,"{name:""",University of Oklahoma,""",lat:",35.208518,",",lon:,-97.445679,"},","{name:""University of Oklahoma"",lat:35.208518, lon:-97.445679},"
-97.73588,30.285758,University of Texas,,,,,"{name:""",University of Texas,""",lat:",30.285758,",",lon:,-97.73588,"},","{name:""University of Texas"",lat:30.285758, lon:-97.73588},"
-72.76844,41.690133,Central Connecticut State University,,,,,"{name:""",Central Connecticut State University,""",lat:",41.690133,",",lon:,-72.76844,"},","{name:""Central Connecticut State University"",lat:41.690133, lon:-72.76844},"
-74.0292778,40.8979674,Fairleigh Dickinson University,,,,,"{name:""",Fairleigh Dickinson University,""",lat:",40.8979674,",",lon:,-74.0292778,"},","{name:""Fairleigh Dickinson University"",lat:40.8979674, lon:-74.0292778},"
-73.9807991,40.6911479,Long Island University,,,,,"{name:""",Long Island University,""",lat:",40.6911479,",",lon:,-73.9807991,"},","{name:""Long Island University"",lat:40.6911479, lon:-73.9807991},"
-74.007947,40.280896,Monmouth University,,,,,"{name:""",Monmouth University,""",lat:",40.280896,",",lon:,-74.007947,"},","{name:""Monmouth University"",lat:40.280896, lon:-74.007947},"
-77.350575,39.682518,Mount St. Mary's University,,,,,"{name:""",Mount St. Mary's University,""",lat:",39.682518,",",lon:,-77.350575,"},","{name:""Mount St. Mary's University"",lat:39.682518, lon:-77.350575},"
-72.894116,41.419479,Quinnipiac University,,,,,"{name:""",Quinnipiac University,""",lat:",41.419479,",",lon:,-72.894116,"},","{name:""Quinnipiac University"",lat:41.419479, lon:-72.894116},"
-80.210865,40.520957,Robert Morris University,,,,,"{name:""",Robert Morris University,""",lat:",40.520957,",",lon:,-80.210865,"},","{name:""Robert Morris University"",lat:40.520957, lon:-80.210865},"
-73.241473,41.221439,Sacred Heart University,,,,,"{name:""",Sacred Heart University,""",lat:",41.221439,",",lon:,-73.241473,"},","{name:""Sacred Heart University"",lat:41.221439, lon:-73.241473},"
-73.991891,40.693232,St. Francis (NY) College,,,,,"{name:""",St. Francis (NY) College,""",lat:",40.693232,",",lon:,-73.991891,"},","{name:""St. Francis (NY) College"",lat:40.693232, lon:-73.991891},"
-78.6403635,40.5075156,St. Francis (PA) University,,,,,"{name:""",St. Francis (PA) University,""",lat:",40.5075156,",",lon:,-78.6403635,"},","{name:""St. Francis (PA) University"",lat:40.5075156, lon:-78.6403635},"
-74.094361,40.616023,Wagner University,,,,,"{name:""",Wagner University,""",lat:",40.616023,",",lon:,-74.094361,"},","{name:""Wagner University"",lat:40.616023, lon:-74.094361},"
-87.354504,36.532997,Austin Peay State University,,,,,"{name:""",Austin Peay State University,""",lat:",36.532997,",",lon:,-87.354504,"},","{name:""Austin Peay State University"",lat:36.532997, lon:-87.354504},"
-88.175221,39.483641,Eastern Illinois University,,,,,"{name:""",Eastern Illinois University,""",lat:",39.483641,",",lon:,-88.175221,"},","{name:""Eastern Illinois University"",lat:39.483641, lon:-88.175221},"
-84.301684,37.738639,Eastern Kentucky University,,,,,"{name:""",Eastern Kentucky University,""",lat:",37.738639,",",lon:,-84.301684,"},","{name:""Eastern Kentucky University"",lat:37.738639, lon:-84.301684},"
-85.767465,33.82154,Jacksonville State University,,,,,"{name:""",Jacksonville State University,""",lat:",33.82154,",",lon:,-85.767465,"},","{name:""Jacksonville State University"",lat:33.82154, lon:-85.767465},"
-83.434408,38.184796,Morehead State University,,,,,"{name:""",Morehead State University,""",lat:",38.184796,",",lon:,-83.434408,"},","{name:""Morehead State University"",lat:38.184796, lon:-83.434408},"
-88.322411,36.61038,Murray State University,,,,,"{name:""",Murray State University,""",lat:",36.61038,",",lon:,-88.322411,"},","{name:""Murray State University"",lat:36.61038, lon:-88.322411},"
-89.531278,37.31098,Southeast Missouri State University,,,,,"{name:""",Southeast Missouri State University,""",lat:",37.31098,",",lon:,-89.531278,"},","{name:""Southeast Missouri State University"",lat:37.31098, lon:-89.531278},"
-86.831205,36.164644,Tennessee State University,,,,,"{name:""",Tennessee State University,""",lat:",36.164644,",",lon:,-86.831205,"},","{name:""Tennessee State University"",lat:36.164644, lon:-86.831205},"
-85.504118,36.174736,Tennessee Tech University,,,,,"{name:""",Tennessee Tech University,""",lat:",36.174736,",",lon:,-85.504118,"},","{name:""Tennessee Tech University"",lat:36.174736, lon:-85.504118},"
-88.868736,36.346011,University of Tennessee - Martin,,,,,"{name:""",University of Tennessee - Martin,""",lat:",36.346011,",",lon:,-88.868736,"},","{name:""University of Tennessee - Martin"",lat:36.346011, lon:-88.868736},"
-111.92945,33.419775,Arizona State University,,,,,"{name:""",Arizona State University,""",lat:",33.419775,",",lon:,-111.92945,"},","{name:""Arizona State University"",lat:33.419775, lon:-111.92945},"
-123.275043,44.564101,Oregon State University,,,,,"{name:""",Oregon State University,""",lat:",44.564101,",",lon:,-123.275043,"},","{name:""Oregon State University"",lat:44.564101, lon:-123.275043},"
-122.1689284,37.4327599,Stanford University,,,,,"{name:""",Stanford University,""",lat:",37.4327599,",",lon:,-122.1689284,"},","{name:""Stanford University"",lat:37.4327599, lon:-122.1689284},"
-110.956657,32.231647,University of Arizona,,,,,"{name:""",University of Arizona,""",lat:",32.231647,",",lon:,-110.956657,"},","{name:""University of Arizona"",lat:32.231647, lon:-110.956657},"
-122.26623,37.872397,University of California - Berkeley,,,,,"{name:""",University of California - Berkeley,""",lat:",37.872397,",",lon:,-122.26623,"},","{name:""University of California - Berkeley"",lat:37.872397, lon:-122.26623},"
-118.443046,34.071988,University of California - Los Angeles,,,,,"{name:""",University of California - Los Angeles,""",lat:",34.071988,",",lon:,-118.443046,"},","{name:""University of California - Los Angeles"",lat:34.071988, lon:-118.443046},"
-123.07275,44.043873,University of Oregon,,,,,"{name:""",University of Oregon,""",lat:",44.043873,",",lon:,-123.07275,"},","{name:""University of Oregon"",lat:44.043873, lon:-123.07275},"
-118.283301,34.018503,University of Southern California,,,,,"{name:""",University of Southern California,""",lat:",34.018503,",",lon:,-118.283301,"},","{name:""University of Southern California"",lat:34.018503, lon:-118.283301},"
-122.306179,47.65391,University of Washington,,,,,"{name:""",University of Washington,""",lat:",47.65391,",",lon:,-122.306179,"},","{name:""University of Washington"",lat:47.65391, lon:-122.306179},"
-117.16782,46.726338,Washington State University,,,,,"{name:""",Washington State University,""",lat:",46.726338,",",lon:,-117.16782,"},","{name:""Washington State University"",lat:46.726338, lon:-117.16782},"
-121.424084,38.560205,California State University - Sacramento,,,,,"{name:""",California State University - Sacramento,""",lat:",38.560205,",",lon:,-121.424084,"},","{name:""California State University - Sacramento"",lat:38.560205, lon:-121.424084},"
-117.579563,47.490191,Eastern Washington University,,,,,"{name:""",Eastern Washington University,""",lat:",47.490191,",",lon:,-117.579563,"},","{name:""Eastern Washington University"",lat:47.490191, lon:-117.579563},"
-112.433087,42.861446,Idaho State University,,,,,"{name:""",Idaho State University,""",lat:",42.861446,",",lon:,-112.433087,"},","{name:""Idaho State University"",lat:42.861446, lon:-112.433087},"
-111.048102,45.666547,Montana State University,,,,,"{name:""",Montana State University,""",lat:",45.666547,",",lon:,-111.048102,"},","{name:""Montana State University"",lat:45.666547, lon:-111.048102},"
-111.656318,35.193105,Northern Arizona University,,,,,"{name:""",Northern Arizona University,""",lat:",35.193105,",",lon:,-111.656318,"},","{name:""Northern Arizona University"",lat:35.193105, lon:-111.656318},"
-122.685808,45.511566,Portland State University,,,,,"{name:""",Portland State University,""",lat:",45.511566,",",lon:,-122.685808,"},","{name:""Portland State University"",lat:45.511566, lon:-122.685808},"
-113.984502,46.861191,University of Montana,,,,,"{name:""",University of Montana,""",lat:",46.861191,",",lon:,-113.984502,"},","{name:""University of Montana"",lat:46.861191, lon:-113.984502},"
-104.6946066,40.4089352,University of Northern Colorado,,,,,"{name:""",University of Northern Colorado,""",lat:",40.4089352,",",lon:,-104.6946066,"},","{name:""University of Northern Colorado"",lat:40.4089352, lon:-104.6946066},"
-111.947929,41.190885,Weber State University,,,,,"{name:""",Weber State University,""",lat:",41.190885,",",lon:,-111.947929,"},","{name:""Weber State University"",lat:41.190885, lon:-111.947929},"
-77.086864,38.937585,American University,,,,,"{name:""",American University,""",lat:",38.937585,",",lon:,-77.086864,"},","{name:""American University"",lat:38.937585, lon:-77.086864},"
-76.883512,40.954623,Bucknell University,,,,,"{name:""",Bucknell University,""",lat:",40.954623,",",lon:,-76.883512,"},","{name:""Bucknell University"",lat:40.954623, lon:-76.883512},"
-75.533411,42.818413,Colgate University,,,,,"{name:""",Colgate University,""",lat:",42.818413,",",lon:,-75.533411,"},","{name:""Colgate University"",lat:42.818413, lon:-75.533411},"
-71.80755,42.238806,Holy Cross College,,,,,"{name:""",Holy Cross College,""",lat:",42.238806,",",lon:,-71.80755,"},","{name:""Holy Cross College"",lat:42.238806, lon:-71.80755},"
-75.21,40.697648,Lafayette College,,,,,"{name:""",Lafayette College,""",lat:",40.697648,",",lon:,-75.21,"},","{name:""Lafayette College"",lat:40.697648, lon:-75.21},"
-75.380648,40.606655,Lehigh University,,,,,"{name:""",Lehigh University,""",lat:",40.606655,",",lon:,-75.380648,"},","{name:""Lehigh University"",lat:40.606655, lon:-75.380648},"
-73.977109,41.401864,US Military Academy - Army,,,,,"{name:""",US Military Academy - Army,""",lat:",41.401864,",",lon:,-73.977109,"},","{name:""US Military Academy - Army"",lat:41.401864, lon:-73.977109},"
-76.4635387,38.98784,US Naval Academy,,,,,"{name:""",US Naval Academy,""",lat:",38.98784,",",lon:,-76.4635387,"},","{name:""US Naval Academy"",lat:38.98784, lon:-76.4635387},"
-80.0696994,32.977121,Charleston Southern University,,,,,"{name:""",Charleston Southern University,""",lat:",32.977121,",",lon:,-80.0696994,"},","{name:""Charleston Southern University"",lat:32.977121, lon:-80.0696994},"
-79.011804,33.795024,Coastal Carolina University,,,,,"{name:""",Coastal Carolina University,""",lat:",33.795024,",",lon:,-79.011804,"},","{name:""Coastal Carolina University"",lat:33.795024, lon:-79.011804},"
-81.668814,35.24864,Gardner-Webb University,,,,,"{name:""",Gardner-Webb University,""",lat:",35.24864,",",lon:,-81.668814,"},","{name:""Gardner-Webb University"",lat:35.24864, lon:-81.668814},"
-79.993266,35.970403,High Point University,,,,,"{name:""",High Point University,""",lat:",35.970403,",",lon:,-79.993266,"},","{name:""High Point University"",lat:35.970403, lon:-79.993266},"
-79.172801,37.357619,Liberty University,,,,,"{name:""",Liberty University,""",lat:",37.357619,",",lon:,-79.172801,"},","{name:""Liberty University"",lat:37.357619, lon:-79.172801},"
-81.879125,34.464934,Presbyterian College,,,,,"{name:""",Presbyterian College,""",lat:",34.464934,",",lon:,-81.879125,"},","{name:""Presbyterian College"",lat:34.464934, lon:-81.879125},"
-80.551512,37.13934,Radford University,,,,,"{name:""",Radford University,""",lat:",37.13934,",",lon:,-80.551512,"},","{name:""Radford University"",lat:37.13934, lon:-80.551512},"
-82.563679,35.617306,University of North Carolina - Asheville,,,,,"{name:""",University of North Carolina - Asheville,""",lat:",35.617306,",",lon:,-82.563679,"},","{name:""University of North Carolina - Asheville"",lat:35.617306, lon:-82.563679},"
-79.434902,37.790043,Virginia Military Insitute,,,,,"{name:""",Virginia Military Insitute,""",lat:",37.790043,",",lon:,-79.434902,"},","{name:""Virginia Military Insitute"",lat:37.790043, lon:-79.434902},"
-81.031944,34.940239,Winthrop University,,,,,"{name:""",Winthrop University,""",lat:",34.940239,",",lon:,-81.031944,"},","{name:""Winthrop University"",lat:34.940239, lon:-81.031944},"
-85.486019,32.602022,Auburn University,,,,,"{name:""",Auburn University,""",lat:",32.602022,",",lon:,-85.486019,"},","{name:""Auburn University"",lat:32.602022, lon:-85.486019},"
-91.175753,30.414603,Louisiana State University,,,,,"{name:""",Louisiana State University,""",lat:",30.414603,",",lon:,-91.175753,"},","{name:""Louisiana State University"",lat:30.414603, lon:-91.175753},"
-88.790049,33.453747,Mississippi State University,,,,,"{name:""",Mississippi State University,""",lat:",33.453747,",",lon:,-88.790049,"},","{name:""Mississippi State University"",lat:33.453747, lon:-88.790049},"
-87.541493,33.209438,University of Alabama,,,,,"{name:""",University of Alabama,""",lat:",33.209438,",",lon:,-87.541493,"},","{name:""University of Alabama"",lat:33.209438, lon:-87.541493},"
-94.16886,36.068414,University of Arkansas,,,,,"{name:""",University of Arkansas,""",lat:",36.068414,",",lon:,-94.16886,"},","{name:""University of Arkansas"",lat:36.068414, lon:-94.16886},"
-82.346174,29.647253,University of Florida,,,,,"{name:""",University of Florida,""",lat:",29.647253,",",lon:,-82.346174,"},","{name:""University of Florida"",lat:29.647253, lon:-82.346174},"
-83.375858,33.952678,University of Georgia,,,,,"{name:""",University of Georgia,""",lat:",33.952678,",",lon:,-83.375858,"},","{name:""University of Georgia"",lat:33.952678, lon:-83.375858},"
-84.504554,38.038911,University of Kentucky,,,,,"{name:""",University of Kentucky,""",lat:",38.038911,",",lon:,-84.504554,"},","{name:""University of Kentucky"",lat:38.038911, lon:-84.504554},"
-89.53746,34.365692,University of Mississippi,,,,,"{name:""",University of Mississippi,""",lat:",34.365692,",",lon:,-89.53746,"},","{name:""University of Mississippi"",lat:34.365692, lon:-89.53746},"
-81.027401,33.999949,University of South Carolina,,,,,"{name:""",University of South Carolina,""",lat:",33.999949,",",lon:,-81.027401,"},","{name:""University of South Carolina"",lat:33.999949, lon:-81.027401},"
-83.926818,35.953044,University of Tennessee,,,,,"{name:""",University of Tennessee,""",lat:",35.953044,",",lon:,-83.926818,"},","{name:""University of Tennessee"",lat:35.953044, lon:-83.926818},"
-86.798676,36.141889,Vanderbilt University,,,,,"{name:""",Vanderbilt University,""",lat:",36.141889,",",lon:,-86.798676,"},","{name:""Vanderbilt University"",lat:36.141889, lon:-86.798676},"
-86.526944,39.166757,Indiana University,,,,,"{name:""",Indiana University,""",lat:",39.166757,",",lon:,-86.526944,"},","{name:""Indiana University"",lat:39.166757, lon:-86.526944},"
-84.485899,42.729384,Michigan State University,,,,,"{name:""",Michigan State University,""",lat:",42.729384,",",lon:,-84.485899,"},","{name:""Michigan State University"",lat:42.729384, lon:-84.485899},"
-87.675222,42.056519,Northwestern University,,,,,"{name:""",Northwestern University,""",lat:",42.056519,",",lon:,-87.675222,"},","{name:""Northwestern University"",lat:42.056519, lon:-87.675222},"
-83.011846,39.99704,Ohio State University,,,,,"{name:""",Ohio State University,""",lat:",39.99704,",",lon:,-83.011846,"},","{name:""Ohio State University"",lat:39.99704, lon:-83.011846},"
-77.8624545,40.8020188,Penn State University,,,,,"{name:""",Penn State University,""",lat:",40.8020188,",",lon:,-77.8624545,"},","{name:""Penn State University"",lat:40.8020188, lon:-77.8624545},"
-86.914246,40.431195,Purdue University,,,,,"{name:""",Purdue University,""",lat:",40.431195,",",lon:,-86.914246,"},","{name:""Purdue University"",lat:40.431195, lon:-86.914246},"
-88.227169,40.107521,University of Illinois,,,,,"{name:""",University of Illinois,""",lat:",40.107521,",",lon:,-88.227169,"},","{name:""University of Illinois"",lat:40.107521, lon:-88.227169},"
-91.5462877,41.6618875,University of Iowa,,,,,"{name:""",University of Iowa,""",lat:",41.6618875,",",lon:,-91.5462877,"},","{name:""University of Iowa"",lat:41.6618875, lon:-91.5462877},"
-83.739164,42.276426,University of Michigan,,,,,"{name:""",University of Michigan,""",lat:",42.276426,",",lon:,-83.739164,"},","{name:""University of Michigan"",lat:42.276426, lon:-83.739164},"
-93.2330739,44.9753541,University of Minnesota,,,,,"{name:""",University of Minnesota,""",lat:",44.9753541,",",lon:,-93.2330739,"},","{name:""University of Minnesota"",lat:44.9753541, lon:-93.2330739},"
-89.399927,43.075871,University of Wisconsin,,,,,"{name:""",University of Wisconsin,""",lat:",43.075871,",",lon:,-89.399927,"},","{name:""University of Wisconsin"",lat:43.075871, lon:-89.399927},"
-81.678218,36.212506,Appalachian State University,,,,,"{name:""",Appalachian State University,""",lat:",36.212506,",",lon:,-81.678218,"},","{name:""Appalachian State University"",lat:36.212506, lon:-81.678218},"
-79.936472,32.784567,College of Charleston,,,,,"{name:""",College of Charleston,""",lat:",32.784567,",",lon:,-79.936472,"},","{name:""College of Charleston"",lat:32.784567, lon:-79.936472},"
-80.845167,35.499922,Davidson College,,,,,"{name:""",Davidson College,""",lat:",35.499922,",",lon:,-80.845167,"},","{name:""Davidson College"",lat:35.499922, lon:-80.845167},"
-79.50458,36.105462,Elon University,,,,,"{name:""",Elon University,""",lat:",36.105462,",",lon:,-79.50458,"},","{name:""Elon University"",lat:36.105462, lon:-79.50458},"
-82.435869,34.925816,Furman University,,,,,"{name:""",Furman University,""",lat:",34.925816,",",lon:,-82.435869,"},","{name:""Furman University"",lat:34.925816, lon:-82.435869},"
-81.785731,32.424014,Georgia Southern University,,,,,"{name:""",Georgia Southern University,""",lat:",32.424014,",",lon:,-81.785731,"},","{name:""Georgia Southern University"",lat:32.424014, lon:-81.785731},"
-86.791956,33.465449,Samford University,,,,,"{name:""",Samford University,""",lat:",33.465449,",",lon:,-86.791956,"},","{name:""Samford University"",lat:33.465449, lon:-86.791956},"
-79.961435,32.796354,The Citadel,,,,,"{name:""",The Citadel,""",lat:",32.796354,",",lon:,-79.961435,"},","{name:""The Citadel"",lat:32.796354, lon:-79.961435},"
-79.809842,36.069619,University of North Carolina - Greensboro,,,,,"{name:""",University of North Carolina - Greensboro,""",lat:",36.069619,",",lon:,-79.809842,"},","{name:""University of North Carolina - Greensboro"",lat:36.069619, lon:-79.809842},"
-85.29835,35.04776,University of Tennessee at Chattanooga,,,,,"{name:""",University of Tennessee at Chattanooga,""",lat:",35.04776,",",lon:,-85.29835,"},","{name:""University of Tennessee at Chattanooga"",lat:35.04776, lon:-85.29835},"
-83.185459,35.309166,Western Carolina University,,,,,"{name:""",Western Carolina University,""",lat:",35.309166,",",lon:,-83.185459,"},","{name:""Western Carolina University"",lat:35.309166, lon:-83.185459},"
-81.935262,34.957832,Wofford College,,,,,"{name:""",Wofford College,""",lat:",34.957832,",",lon:,-81.935262,"},","{name:""Wofford College"",lat:34.957832, lon:-81.935262},"
-120.661597,35.300113,California Polytechnic State University,,,,,"{name:""",California Polytechnic State University,""",lat:",35.300113,",",lon:,-120.661597,"},","{name:""California Polytechnic State University"",lat:35.300113, lon:-120.661597},"
-117.885278,33.880556,California State University - Fullerton,,,,,"{name:""",California State University - Fullerton,""",lat:",33.880556,",",lon:,-117.885278,"},","{name:""California State University - Fullerton"",lat:33.880556, lon:-117.885278},"
-118.119217,33.782024,California State University - Long Beach,,,,,"{name:""",California State University - Long Beach,""",lat:",33.782024,",",lon:,-118.119217,"},","{name:""California State University - Long Beach"",lat:33.782024, lon:-118.119217},"
-118.528333,34.241667,California State University - Northridge,,,,,"{name:""",California State University - Northridge,""",lat:",34.241667,",",lon:,-118.528333,"},","{name:""California State University - Northridge"",lat:34.241667, lon:-118.528333},"
-123.110252,45.520192,Pacific University,,,,,"{name:""",Pacific University,""",lat:",45.520192,",",lon:,-123.110252,"},","{name:""Pacific University"",lat:45.520192, lon:-123.110252},"
-121.750506,38.536229,University of California - Davis,,,,,"{name:""",University of California - Davis,""",lat:",38.536229,",",lon:,-121.750506,"},","{name:""University of California - Davis"",lat:38.536229, lon:-121.750506},"
-117.842067,33.646264,University of California - Irvine,,,,,"{name:""",University of California - Irvine,""",lat:",33.646264,",",lon:,-117.842067,"},","{name:""University of California - Irvine"",lat:33.646264, lon:-117.842067},"
-117.3293277,33.9701736,University of California - Riverside,,,,,"{name:""",University of California - Riverside,""",lat:",33.9701736,",",lon:,-117.3293277,"},","{name:""University of California - Riverside"",lat:33.9701736, lon:-117.3293277},"
-119.839554,34.414821,University of California - Santa Barbara,,,,,"{name:""",University of California - Santa Barbara,""",lat:",34.414821,",",lon:,-119.839554,"},","{name:""University of California - Santa Barbara"",lat:34.414821, lon:-119.839554},"
-94.073197,30.043292,Lamar University,,,,,"{name:""",Lamar University,""",lat:",30.043292,",",lon:,-94.073197,"},","{name:""Lamar University"",lat:30.043292, lon:-94.073197},"
-93.21604,30.179758,McNeese State University,,,,,"{name:""",McNeese State University,""",lat:",30.179758,",",lon:,-93.21604,"},","{name:""McNeese State University"",lat:30.179758, lon:-93.21604},"
-90.799968,29.795351,Nicholls State University,,,,,"{name:""",Nicholls State University,""",lat:",29.795351,",",lon:,-90.799968,"},","{name:""Nicholls State University"",lat:29.795351, lon:-90.799968},"
-93.096394,31.750038,Northwestern State University of Louisiana,,,,,"{name:""",Northwestern State University of Louisiana,""",lat:",31.750038,",",lon:,-93.096394,"},","{name:""Northwestern State University of Louisiana"",lat:31.750038, lon:-93.096394},"
-95.551077,30.715598,Sam Houston State University,,,,,"{name:""",Sam Houston State University,""",lat:",30.715598,",",lon:,-95.551077,"},","{name:""Sam Houston State University"",lat:30.715598, lon:-95.551077},"
-90.469963,30.517349,Southeastern Louisiana University,,,,,"{name:""",Southeastern Louisiana University,""",lat:",30.517349,",",lon:,-90.469963,"},","{name:""Southeastern Louisiana University"",lat:30.517349, lon:-90.469963},"
-94.652256,31.619425,Stephen F. Austin State University,,,,,"{name:""",Stephen F. Austin State University,""",lat:",31.619425,",",lon:,-94.652256,"},","{name:""Stephen F. Austin State University"",lat:31.619425, lon:-94.652256},"
-97.323798,27.714494,Texas A&M University - Corpus Christi,,,,,"{name:""",Texas A&M University - Corpus Christi,""",lat:",27.714494,",",lon:,-97.323798,"},","{name:""Texas A&M University - Corpus Christi"",lat:27.714494, lon:-97.323798},"
-97.942422,29.88917,Texas State University,,,,,"{name:""",Texas State University,""",lat:",29.88917,",",lon:,-97.942422,"},","{name:""Texas State University"",lat:29.88917, lon:-97.942422},"
-92.455577,35.079949,University of Central Arkansas,,,,,"{name:""",University of Central Arkansas,""",lat:",35.079949,",",lon:,-92.455577,"},","{name:""University of Central Arkansas"",lat:35.079949, lon:-92.455577},"
-97.1117126,32.728099,University of Texas - Arlington,,,,,"{name:""",University of Texas - Arlington,""",lat:",32.728099,",",lon:,-97.1117126,"},","{name:""University of Texas - Arlington"",lat:32.728099, lon:-97.1117126},"
-98.612415,29.584553,University of Texas - San Antonio,,,,,"{name:""",University of Texas - San Antonio,""",lat:",29.584553,",",lon:,-98.612415,"},","{name:""University of Texas - San Antonio"",lat:29.584553, lon:-98.612415},"
-76.715889,37.271489,College of William & Mary,,,,,"{name:""",College of William & Mary,""",lat:",37.271489,",",lon:,-76.715889,"},","{name:""College of William & Mary"",lat:37.271489, lon:-76.715889},"
-75.18865,39.95452,Drexel University,,,,,"{name:""",Drexel University,""",lat:",39.95452,",",lon:,-75.18865,"},","{name:""Drexel University"",lat:39.95452, lon:-75.18865},"
-77.307223,38.829828,George Mason University,,,,,"{name:""",George Mason University,""",lat:",38.829828,",",lon:,-77.307223,"},","{name:""George Mason University"",lat:38.829828, lon:-77.307223},"
-84.3847,33.753727,Georgia State University,,,,,"{name:""",Georgia State University,""",lat:",33.753727,",",lon:,-84.3847,"},","{name:""Georgia State University"",lat:33.753727, lon:-84.3847},"
-73.595939,40.715791,Hofstra University,,,,,"{name:""",Hofstra University,""",lat:",40.715791,",",lon:,-73.595939,"},","{name:""Hofstra University"",lat:40.715791, lon:-73.595939},"
-78.870724,38.435562,James Madison University,,,,,"{name:""",James Madison University,""",lat:",38.435562,",",lon:,-78.870724,"},","{name:""James Madison University"",lat:38.435562, lon:-78.870724},"
-71.087991,42.339103,Northeastern University,,,,,"{name:""",Northeastern University,""",lat:",42.339103,",",lon:,-71.087991,"},","{name:""Northeastern University"",lat:42.339103, lon:-71.087991},"
-76.304664,36.889977,Old Dominion University,,,,,"{name:""",Old Dominion University,""",lat:",36.889977,",",lon:,-76.304664,"},","{name:""Old Dominion University"",lat:36.889977, lon:-76.304664},"
-76.611219,39.39351,Towson University,,,,,"{name:""",Towson University,""",lat:",39.39351,",",lon:,-76.611219,"},","{name:""Towson University"",lat:39.39351, lon:-76.611219},"
-75.752025,39.679116,University of Delaware,,,,,"{name:""",University of Delaware,""",lat:",39.679116,",",lon:,-75.752025,"},","{name:""University of Delaware"",lat:39.679116, lon:-75.752025},"
-77.880894,34.227997,University of North Carolina - Wilmington,,,,,"{name:""",University of North Carolina - Wilmington,""",lat:",34.227997,",",lon:,-77.880894,"},","{name:""University of North Carolina - Wilmington"",lat:34.227997, lon:-77.880894},"
-77.4533,37.5481,Virginia Commonwealth University,,,,,"{name:""",Virginia Commonwealth University,""",lat:",37.5481,",",lon:,-77.4533,"},","{name:""Virginia Commonwealth University"",lat:37.5481, lon:-77.4533},"
-86.5720319,34.7927955,Alabama A&M University,,,,,"{name:""",Alabama A&M University,""",lat:",34.7927955,",",lon:,-86.5720319,"},","{name:""Alabama A&M University"",lat:34.7927955, lon:-86.5720319},"
-86.295733,32.36617,Alabama State University,,,,,"{name:""",Alabama State University,""",lat:",32.36617,",",lon:,-86.295733,"},","{name:""Alabama State University"",lat:32.36617, lon:-86.295733},"
-91.140017,31.878603,Alcorn State University,,,,,"{name:""",Alcorn State University,""",lat:",31.878603,",",lon:,-91.140017,"},","{name:""Alcorn State University"",lat:31.878603, lon:-91.140017},"
-92.714348,32.525057,Grambling State University,,,,,"{name:""",Grambling State University,""",lat:",32.525057,",",lon:,-92.714348,"},","{name:""Grambling State University"",lat:32.525057, lon:-92.714348},"
-90.2089515,32.2975698,Jackson State University,,,,,"{name:""",Jackson State University,""",lat:",32.2975698,",",lon:,-90.2089515,"},","{name:""Jackson State University"",lat:32.2975698, lon:-90.2089515},"
-90.341547,33.511936,Mississippi Valley State University,,,,,"{name:""",Mississippi Valley State University,""",lat:",33.511936,",",lon:,-90.341547,"},","{name:""Mississippi Valley State University"",lat:33.511936, lon:-90.341547},"
-95.990079,30.094116,Prairie View A&M University,,,,,"{name:""",Prairie View A&M University,""",lat:",30.094116,",",lon:,-95.990079,"},","{name:""Prairie View A&M University"",lat:30.094116, lon:-95.990079},"
-91.190034,30.524674,Southern University,,,,,"{name:""",Southern University,""",lat:",30.524674,",",lon:,-91.190034,"},","{name:""Southern University"",lat:30.524674, lon:-91.190034},"
-95.358874,29.722328,Texas Southern University,,,,,"{name:""",Texas Southern University,""",lat:",29.722328,",",lon:,-95.358874,"},","{name:""Texas Southern University"",lat:29.722328, lon:-95.358874},"
-92.018595,34.241113,University of Arkansas - Pine Bluff,,,,,"{name:""",University of Arkansas - Pine Bluff,""",lat:",34.241113,",",lon:,-92.018595,"},","{name:""University of Arkansas - Pine Bluff"",lat:34.241113, lon:-92.018595},"
-77.365455,35.608667,East Carolina University,,,,,"{name:""",East Carolina University,""",lat:",35.608667,",",lon:,-77.365455,"},","{name:""East Carolina University"",lat:35.608667, lon:-77.365455},"
-82.431346,38.423554,Marshall University,,,,,"{name:""",Marshall University,""",lat:",38.423554,",",lon:,-82.431346,"},","{name:""Marshall University"",lat:38.423554, lon:-82.431346},"
-95.402909,29.718061,Rice University,,,,,"{name:""",Rice University,""",lat:",29.718061,",",lon:,-95.402909,"},","{name:""Rice University"",lat:29.718061, lon:-95.402909},"
-96.784874,32.844114,Southern Methodist University,,,,,"{name:""",Southern Methodist University,""",lat:",32.844114,",",lon:,-96.784874,"},","{name:""Southern Methodist University"",lat:32.844114, lon:-96.784874},"
-90.1199398,29.9394335,Tulane University,,,,,"{name:""",Tulane University,""",lat:",29.9394335,",",lon:,-90.1199398,"},","{name:""Tulane University"",lat:29.9394335, lon:-90.1199398},"
-86.807327,33.501399,University of Alabama - Birmingham,,,,,"{name:""",University of Alabama - Birmingham,""",lat:",33.501399,",",lon:,-86.807327,"},","{name:""University of Alabama - Birmingham"",lat:33.501399, lon:-86.807327},"
-81.200223,28.602312,University of Central Florida,,,,,"{name:""",University of Central Florida,""",lat:",28.602312,",",lon:,-81.200223,"},","{name:""University of Central Florida"",lat:28.602312, lon:-81.200223},"
-95.341853,29.72143,University of Houston,,,,,"{name:""",University of Houston,""",lat:",29.72143,",",lon:,-95.341853,"},","{name:""University of Houston"",lat:29.72143, lon:-95.341853},"
-89.93818,35.11909,University of Memphis,,,,,"{name:""",University of Memphis,""",lat:",35.11909,",",lon:,-89.93818,"},","{name:""University of Memphis"",lat:35.11909, lon:-89.93818},"
-89.331435,31.328049,University of Southern Mississippi,,,,,"{name:""",University of Southern Mississippi,""",lat:",31.328049,",",lon:,-89.331435,"},","{name:""University of Southern Mississippi"",lat:31.328049, lon:-89.331435},"
-106.5039169,31.7708231,University of Texas - El Paso,,,,,"{name:""",University of Texas - El Paso,""",lat:",31.7708231,",",lon:,-106.5039169,"},","{name:""University of Texas - El Paso"",lat:31.7708231, lon:-106.5039169},"
-95.946539,36.152283,University of Tulsa,,,,,"{name:""",University of Tulsa,""",lat:",36.152283,",",lon:,-95.946539,"},","{name:""University of Tulsa"",lat:36.152283, lon:-95.946539},"
-93.731944,32.483432,Centenary College,,,,,"{name:""",Centenary College,""",lat:",32.483432,",",lon:,-93.731944,"},","{name:""Centenary College"",lat:32.483432, lon:-93.731944},"
-85.1087,41.11789,Indiana University-Purdue University Fort Wayne,,,,,"{name:""",Indiana University-Purdue University Fort Wayne,""",lat:",41.11789,",",lon:,-85.1087,"},","{name:""Indiana University-Purdue University Fort Wayne"",lat:41.11789, lon:-85.1087},"
-86.1764475,39.7732569,Indiana University-Purdue University Indianapolis,,,,,"{name:""",Indiana University-Purdue University Indianapolis,""",lat:",39.7732569,",",lon:,-86.1764475,"},","{name:""Indiana University-Purdue University Indianapolis"",lat:39.7732569, lon:-86.1764475},"
-96.800252,46.891582,North Dakota State University,,,,,"{name:""",North Dakota State University,""",lat:",46.891582,",",lon:,-96.800252,"},","{name:""North Dakota State University"",lat:46.891582, lon:-96.800252},"
-83.215776,42.672659,Oakland University,,,,,"{name:""",Oakland University,""",lat:",42.672659,",",lon:,-83.215776,"},","{name:""Oakland University"",lat:42.672659, lon:-83.215776},"
-95.956317,36.050102,Oral Roberts University,,,,,"{name:""",Oral Roberts University,""",lat:",36.050102,",",lon:,-95.956317,"},","{name:""Oral Roberts University"",lat:36.050102, lon:-95.956317},"
-96.7842015,44.3230377,South Dakota State University,,,,,"{name:""",South Dakota State University,""",lat:",44.3230377,",",lon:,-96.7842015,"},","{name:""South Dakota State University"",lat:44.3230377, lon:-96.7842015},"
-113.070874,37.67703,Southern Utah University,,,,,"{name:""",Southern Utah University,""",lat:",37.67703,",",lon:,-113.070874,"},","{name:""Southern Utah University"",lat:37.67703, lon:-113.070874},"
-94.5791,39.037577,University of Missouri - Kansas City,,,,,"{name:""",University of Missouri - Kansas City,""",lat:",39.037577,",",lon:,-94.5791,"},","{name:""University of Missouri - Kansas City"",lat:39.037577, lon:-94.5791},"
-90.686105,40.465429,Western Illinois University,,,,,"{name:""",Western Illinois University,""",lat:",40.465429,",",lon:,-90.686105,"},","{name:""Western Illinois University"",lat:40.465429, lon:-90.686105},"
-71.535181,41.922528,Bryant University,,,,,"{name:""",Bryant University,""",lat:",41.922528,",",lon:,-71.535181,"},","{name:""Bryant University"",lat:41.922528, lon:-71.535181},"
-119.100793,35.354091,California State University - Bakersfield,,,,,"{name:""",California State University - Bakersfield,""",lat:",35.354091,",",lon:,-119.100793,"},","{name:""California State University - Bakersfield"",lat:35.354091, lon:-119.100793},"
-87.611068,41.717027,Chicago State University,,,,,"{name:""",Chicago State University,""",lat:",41.717027,",",lon:,-87.611068,"},","{name:""Chicago State University"",lat:41.717027, lon:-87.611068},"
-95.515754,29.697364,Houston Baptist University,,,,,"{name:""",Houston Baptist University,""",lat:",29.697364,",",lon:,-95.515754,"},","{name:""Houston Baptist University"",lat:29.697364, lon:-95.515754},"
-78.396788,37.301456,Longwood University,,,,,"{name:""",Longwood University,""",lat:",37.301456,",",lon:,-78.396788,"},","{name:""Longwood University"",lat:37.301456, lon:-78.396788},"
-84.407264,33.755724,Morris Brown College,,,,,"{name:""",Morris Brown College,""",lat:",33.755724,",",lon:,-84.407264,"},","{name:""Morris Brown College"",lat:33.755724, lon:-84.407264},"
-74.176258,40.743214,New Jersey Institute of Technology,,,,,"{name:""",New Jersey Institute of Technology,""",lat:",40.743214,",",lon:,-74.176258,"},","{name:""New Jersey Institute of Technology"",lat:40.743214, lon:-74.176258},"
-78.8962889,35.972982,North Carolina Central University,,,,,"{name:""",North Carolina Central University,""",lat:",35.972982,",",lon:,-78.8962889,"},","{name:""North Carolina Central University"",lat:35.972982, lon:-78.8962889},"
-81.059848,32.024026,Savannah State University,,,,,"{name:""",Savannah State University,""",lat:",32.024026,",",lon:,-81.059848,"},","{name:""Savannah State University"",lat:32.024026, lon:-81.059848},"
-122.317395,47.610981,Seattle University,,,,,"{name:""",Seattle University,""",lat:",47.610981,",",lon:,-122.317395,"},","{name:""Seattle University"",lat:47.610981, lon:-122.317395},"
-89.9988343,38.7930845,Southern Illinois University - Edwardsville,,,,,"{name:""",Southern Illinois University - Edwardsville,""",lat:",38.7930845,",",lon:,-89.9988343,"},","{name:""Southern Illinois University - Edwardsville"",lat:38.7930845, lon:-89.9988343},"
-97.073436,47.92224,University of North Dakota,,,,,"{name:""",University of North Dakota,""",lat:",47.92224,",",lon:,-97.073436,"},","{name:""University of North Dakota"",lat:47.92224, lon:-97.073436},"
-96.92534,42.786035,University of South Dakota,,,,,"{name:""",University of South Dakota,""",lat:",42.786035,",",lon:,-96.92534,"},","{name:""University of South Dakota"",lat:42.786035, lon:-96.92534},"
-98.1738889,26.3031844,University of Texas-Pan American,,,,,"{name:""",University of Texas-Pan American,""",lat:",26.3031844,",",lon:,-98.1738889,"},","{name:""University of Texas-Pan American"",lat:26.3031844, lon:-98.1738889},"
-111.704482,40.273648,Utah Valley University,,,,,"{name:""",Utah Valley University,""",lat:",40.273648,",",lon:,-111.704482,"},","{name:""Utah Valley University"",lat:40.273648, lon:-111.704482},"
-80.2251603,36.0894545,Winston-Salem State University,,,,,"{name:""",Winston-Salem State University,""",lat:",36.0894545,",",lon:,-80.2251603,"},","{name:""Winston-Salem State University"",lat:36.0894545, lon:-80.2251603},"
-90.680219,35.842824,Arkansas State University,,,,,"{name:""",Arkansas State University,""",lat:",35.842824,",",lon:,-90.680219,"},","{name:""Arkansas State University"",lat:35.842824, lon:-90.680219},"
-80.101331,26.37181,Florida Atlantic University,,,,,"{name:""",Florida Atlantic University,""",lat:",26.37181,",",lon:,-80.101331,"},","{name:""Florida Atlantic University"",lat:26.37181, lon:-80.101331},"
-80.372235,25.755856,Florida International University,,,,,"{name:""",Florida International University,""",lat:",25.755856,",",lon:,-80.372235,"},","{name:""Florida International University"",lat:25.755856, lon:-80.372235},"
-86.370141,35.843291,Middle Tennessee State University,,,,,"{name:""",Middle Tennessee State University,""",lat:",35.843291,",",lon:,-86.370141,"},","{name:""Middle Tennessee State University"",lat:35.843291, lon:-86.370141},"
-78.217035,40.914397,Troy University,,,,,"{name:""",Troy University,""",lat:",40.914397,",",lon:,-78.217035,"},","{name:""Troy University"",lat:40.914397, lon:-78.217035},"
-92.3394209,34.7213235,University of Arkansas - Little Rock,,,,,"{name:""",University of Arkansas - Little Rock,""",lat:",34.7213235,",",lon:,-92.3394209,"},","{name:""University of Arkansas - Little Rock"",lat:34.7213235, lon:-92.3394209},"
-104.962367,39.677004,University of Denver,,,,,"{name:""",University of Denver,""",lat:",39.677004,",",lon:,-104.962367,"},","{name:""University of Denver"",lat:39.677004, lon:-104.962367},"
-92.044335,30.219727,University of Louisiana - Lafayette,,,,,"{name:""",University of Louisiana - Lafayette,""",lat:",30.219727,",",lon:,-92.044335,"},","{name:""University of Louisiana - Lafayette"",lat:30.219727, lon:-92.044335},"
-92.075723,32.527873,University of Louisiana - Monroe,,,,,"{name:""",University of Louisiana - Monroe,""",lat:",32.527873,",",lon:,-92.075723,"},","{name:""University of Louisiana - Monroe"",lat:32.527873, lon:-92.075723},"
-90.0700546,30.0324299,University of New Orleans,,,,,"{name:""",University of New Orleans,""",lat:",30.0324299,",",lon:,-90.0700546,"},","{name:""University of New Orleans"",lat:30.0324299, lon:-90.0700546},"
-97.14673,33.211363,University of North Texas,,,,,"{name:""",University of North Texas,""",lat:",33.211363,",",lon:,-97.14673,"},","{name:""University of North Texas"",lat:33.211363, lon:-97.14673},"
-88.179671,30.696503,University of South Alabama,,,,,"{name:""",University of South Alabama,""",lat:",30.696503,",",lon:,-88.179671,"},","{name:""University of South Alabama"",lat:30.696503, lon:-88.179671},"
-86.45104,36.988068,Western Kentucky University,,,,,"{name:""",Western Kentucky University,""",lat:",36.988068,",",lon:,-86.45104,"},","{name:""Western Kentucky University"",lat:36.988068, lon:-86.45104},"
-86.170582,39.839969,Butler University,,,,,"{name:""",Butler University,""",lat:",39.839969,",",lon:,-86.170582,"},","{name:""Butler University"",lat:39.839969, lon:-86.170582},"
-81.673376,41.503277,Cleveland State University,,,,,"{name:""",Cleveland State University,""",lat:",41.503277,",",lon:,-81.673376,"},","{name:""Cleveland State University"",lat:41.503277, lon:-81.673376},"
-87.623774,41.897169,Loyola (IL) University,,,,,"{name:""",Loyola (IL) University,""",lat:",41.897169,",",lon:,-87.623774,"},","{name:""Loyola (IL) University"",lat:41.897169, lon:-87.623774},"
-83.138777,42.4166,University of Detroit,,,,,"{name:""",University of Detroit,""",lat:",42.4166,",",lon:,-83.138777,"},","{name:""University of Detroit"",lat:42.4166, lon:-83.138777},"
-87.648274,41.871832,University of Illinois - Chicago,,,,,"{name:""",University of Illinois - Chicago,""",lat:",41.871832,",",lon:,-87.648274,"},","{name:""University of Illinois - Chicago"",lat:41.871832, lon:-87.648274},"
-87.92902,44.5334,University of Wisconsin - Green Bay,,,,,"{name:""",University of Wisconsin - Green Bay,""",lat:",44.5334,",",lon:,-87.92902,"},","{name:""University of Wisconsin - Green Bay"",lat:44.5334, lon:-87.92902},"
-87.882048,43.075778,University of Wisconsin - Milwaukee,,,,,"{name:""",University of Wisconsin - Milwaukee,""",lat:",43.075778,",",lon:,-87.882048,"},","{name:""University of Wisconsin - Milwaukee"",lat:43.075778, lon:-87.882048},"
-87.04306,41.462465,Valparaiso University,,,,,"{name:""",Valparaiso University,""",lat:",41.462465,",",lon:,-87.04306,"},","{name:""Valparaiso University"",lat:41.462465, lon:-87.04306},"
-84.066036,39.777298,Wright State University,,,,,"{name:""",Wright State University,""",lat:",39.777298,",",lon:,-84.066036,"},","{name:""Wright State University"",lat:39.777298, lon:-84.066036},"
-80.646674,41.106759,Youngstown State University,,,,,"{name:""",Youngstown State University,""",lat:",41.106759,",",lon:,-80.646674,"},","{name:""Youngstown State University"",lat:41.106759, lon:-80.646674},"
-117.40272,47.667358,Gonzaga University,,,,,"{name:""",Gonzaga University,""",lat:",47.667358,",",lon:,-117.40272,"},","{name:""Gonzaga University"",lat:47.667358, lon:-117.40272},"
-118.415787,33.966696,Loyola Marymount University,,,,,"{name:""",Loyola Marymount University,""",lat:",33.966696,",",lon:,-118.415787,"},","{name:""Loyola Marymount University"",lat:33.966696, lon:-118.415787},"
-118.705371,34.039334,Pepperdine University,,,,,"{name:""",Pepperdine University,""",lat:",34.039334,",",lon:,-118.705371,"},","{name:""Pepperdine University"",lat:34.039334, lon:-118.705371},"
-122.1089738,37.8473698,Saint Marys College of California,,,,,"{name:""",Saint Marys College of California,""",lat:",37.8473698,",",lon:,-122.1089738,"},","{name:""Saint Marys College of California"",lat:37.8473698, lon:-122.1089738},"
-121.938224,37.34984,Santa Clara University,,,,,"{name:""",Santa Clara University,""",lat:",37.34984,",",lon:,-121.938224,"},","{name:""Santa Clara University"",lat:37.34984, lon:-121.938224},"
-122.722221,45.572929,University of Portland,,,,,"{name:""",University of Portland,""",lat:",45.572929,",",lon:,-122.722221,"},","{name:""University of Portland"",lat:45.572929, lon:-122.722221},"
-122.450639,37.77584,University of San Francisco,,,,,"{name:""",University of San Francisco,""",lat:",37.77584,",",lon:,-122.450639,"},","{name:""University of San Francisco"",lat:37.77584, lon:-122.450639},"
-116.203683,43.603678,Boise State University,,,,,"{name:""",Boise State University,""",lat:",43.603678,",",lon:,-116.203683,"},","{name:""Boise State University"",lat:43.603678, lon:-116.203683},"
-119.75,36.813333,California State University - Fresno,,,,,"{name:""",California State University - Fresno,""",lat:",36.813333,",",lon:,-119.75,"},","{name:""California State University - Fresno"",lat:36.813333, lon:-119.75},"
-92.650303,32.526368,Louisiana Tech University,,,,,"{name:""",Louisiana Tech University,""",lat:",32.526368,",",lon:,-92.650303,"},","{name:""Louisiana Tech University"",lat:32.526368, lon:-92.650303},"
-106.748754,32.282989,New Mexico State University,,,,,"{name:""",New Mexico State University,""",lat:",32.282989,",",lon:,-106.748754,"},","{name:""New Mexico State University"",lat:32.282989, lon:-106.748754},"
-121.882578,37.336145,San Jose State University,,,,,"{name:""",San Jose State University,""",lat:",37.336145,",",lon:,-121.882578,"},","{name:""San Jose State University"",lat:37.336145, lon:-121.882578},"
-157.821216,21.29636,University of Hawaii,,,,,"{name:""",University of Hawaii,""",lat:",21.29636,",",lon:,-157.821216,"},","{name:""University of Hawaii"",lat:21.29636, lon:-157.821216},"
-117.00722,46.728129,University of Idaho,,,,,"{name:""",University of Idaho,""",lat:",46.728129,",",lon:,-117.00722,"},","{name:""University of Idaho"",lat:46.728129, lon:-117.00722},"
-119.8164206,39.5458435,University of Nevada,,,,,"{name:""",University of Nevada,""",lat:",39.5458435,",",lon:,-119.8164206,"},","{name:""University of Nevada"",lat:39.5458435, lon:-119.8164206},"
-111.810183,41.745143,Utah State University,,,,,"{name:""",Utah State University,""",lat:",41.745143,",",lon:,-111.810183,"},","{name:""Utah State University"",lat:41.745143, lon:-111.810183},"
-78.852433,42.925458,Canisius College,,,,,"{name:""",Canisius College,""",lat:",42.925458,",",lon:,-78.852433,"},","{name:""Canisius College"",lat:42.925458, lon:-78.852433},"
-73.256582,41.159545,Fairfield University,,,,,"{name:""",Fairfield University,""",lat:",41.159545,",",lon:,-73.256582,"},","{name:""Fairfield University"",lat:41.159545, lon:-73.256582},"
-73.7872,40.926075,Iona College,,,,,"{name:""",Iona College,""",lat:",40.926075,",",lon:,-73.7872,"},","{name:""Iona College"",lat:40.926075, lon:-73.7872},"
-76.620417,39.345785,Loyola College - Maryland,,,,,"{name:""",Loyola College - Maryland,""",lat:",39.345785,",",lon:,-76.620417,"},","{name:""Loyola College - Maryland"",lat:39.345785, lon:-76.620417},"
-73.901988,40.890179,Manhattan College,,,,,"{name:""",Manhattan College,""",lat:",40.890179,",",lon:,-73.901988,"},","{name:""Manhattan College"",lat:40.890179, lon:-73.901988},"
-73.93282,41.722032,Marist College,,,,,"{name:""",Marist College,""",lat:",41.722032,",",lon:,-73.93282,"},","{name:""Marist College"",lat:41.722032, lon:-73.93282},"
-79.039014,43.13795,Niagara University,,,,,"{name:""",Niagara University,""",lat:",43.13795,",",lon:,-79.039014,"},","{name:""Niagara University"",lat:43.13795, lon:-79.039014},"
-74.732548,40.278852,Rider University,,,,,"{name:""",Rider University,""",lat:",40.278852,",",lon:,-74.732548,"},","{name:""Rider University"",lat:40.278852, lon:-74.732548},"
-73.753456,42.718352,Siena College,,,,,"{name:""",Siena College,""",lat:",42.718352,",",lon:,-73.753456,"},","{name:""Siena College"",lat:42.718352, lon:-73.753456},"
-74.071976,40.727468,St. Peter's College,,,,,"{name:""",St. Peter's College,""",lat:",40.727468,",",lon:,-74.071976,"},","{name:""St. Peter's College"",lat:40.727468, lon:-74.071976},"
